{"data_time": 0.05135969998082146, "eta_seconds": 220912.89481189102, "fast_rcnn/cls_accuracy": 0.2529296875, "fast_rcnn/false_negative": 0.25390625, "fast_rcnn/fg_cls_accuracy": 0.0625, "iteration": 19, "loss_box_reg": 0.926294356584549, "loss_cls": 1.7000042796134949, "loss_rpn_cls": 0.3887673318386078, "loss_rpn_loc": 0.09854324162006378, "lr": 4.99525e-06, "rank_data_time": 0.05135969998082146, "roi_head/num_bg_samples": 96.0, "roi_head/num_fg_samples": 32.0, "rpn/num_neg_anchors": 182.75, "rpn/num_pos_anchors": 73.25, "time": 63.480716899968684, "total_loss": 3.094790507107973}
{"data_time": 0.04018074998748489, "eta_seconds": 209203.22075604403, "fast_rcnn/cls_accuracy": 0.4912109375, "fast_rcnn/false_negative": 0.546875, "fast_rcnn/fg_cls_accuracy": 0.08984375, "iteration": 39, "loss_box_reg": 0.9287237823009491, "loss_cls": 1.5920711159706116, "loss_rpn_cls": 0.30881044268608093, "loss_rpn_loc": 0.09503324702382088, "lr": 9.990250000000001e-06, "rank_data_time": 0.04018074998748489, "roi_head/num_bg_samples": 96.0, "roi_head/num_fg_samples": 32.0, "rpn/num_neg_anchors": 177.625, "rpn/num_pos_anchors": 78.375, "time": 58.09618375002174, "total_loss": 2.9390827007591724}
{"data_time": 0.03678829997079447, "eta_seconds": 203751.85033198213, "fast_rcnn/cls_accuracy": 0.7373046875, "fast_rcnn/false_negative": 0.90234375, "fast_rcnn/fg_cls_accuracy": 0.0390625, "iteration": 59, "loss_box_reg": 0.9132164418697357, "loss_cls": 1.388933002948761, "loss_rpn_cls": 0.1480589285492897, "loss_rpn_loc": 0.08549641072750092, "lr": 1.4985250000000002e-05, "rank_data_time": 0.03678829997079447, "roi_head/num_bg_samples": 96.0, "roi_head/num_fg_samples": 32.0, "rpn/num_neg_anchors": 180.0, "rpn/num_pos_anchors": 76.0, "time": 57.22771400003694, "total_loss": 2.5439212322235107}
{"data_time": 0.04092525001033209, "eta_seconds": 203968.0835100665, "fast_rcnn/cls_accuracy": 0.75, "fast_rcnn/false_negative": 1.0, "fast_rcnn/fg_cls_accuracy": 0.0, "iteration": 79, "loss_box_reg": 0.9239283502101898, "loss_cls": 1.1280977725982666, "loss_rpn_cls": 0.11198638752102852, "loss_rpn_loc": 0.089786347001791, "lr": 1.9980250000000002e-05, "rank_data_time": 0.04092525001033209, "roi_head/num_bg_samples": 96.0, "roi_head/num_fg_samples": 32.0, "rpn/num_neg_anchors": 177.375, "rpn/num_pos_anchors": 78.625, "time": 62.247746300010476, "total_loss": 2.254512896761298}
{"eta_seconds": 204091.99223645986, "fast_rcnn/cls_accuracy": 0.75, "fast_rcnn/false_negative": 1.0, "fast_rcnn/fg_cls_accuracy": 0.0, "iteration": 81, "roi_head/num_bg_samples": 96.0, "roi_head/num_fg_samples": 32.0, "rpn/num_neg_anchors": 178.25, "rpn/num_pos_anchors": 77.75}
{"data_time": 0.04303170001367107, "iteration": 80, "loss_box_reg": 0.9199578166007996, "loss_cls": 1.1137042045593262, "loss_rpn_cls": 0.10697512328624725, "loss_rpn_loc": 0.089786347001791, "lr": 2.023e-05, "rank_data_time": 0.04303170001367107, "time": 62.247746300010476, "total_loss": 2.2377128191292286}
{"data_time": 0.05188925005495548, "eta_seconds": 215488.15649403725, "fast_rcnn/cls_accuracy": 0.18359375, "fast_rcnn/false_negative": 0.1953125, "fast_rcnn/fg_cls_accuracy": 0.02734375, "iteration": 19, "loss_box_reg": 0.9250691831111908, "loss_cls": 1.7543744444847107, "loss_rpn_cls": 0.4096009135246277, "loss_rpn_loc": 0.0978604182600975, "lr": 4.99525e-06, "rank_data_time": 0.05188925005495548, "roi_head/num_bg_samples": 96.0, "roi_head/num_fg_samples": 32.0, "rpn/num_neg_anchors": 183.875, "rpn/num_pos_anchors": 72.125, "time": 61.9218840500107, "total_loss": 3.17248921841383}
{"data_time": 0.04516125001828186, "eta_seconds": 207091.4192710066, "fast_rcnn/cls_accuracy": 0.4453125, "fast_rcnn/false_negative": 0.578125, "fast_rcnn/fg_cls_accuracy": 0.01171875, "iteration": 39, "loss_box_reg": 0.9182021021842957, "loss_cls": 1.6439219117164612, "loss_rpn_cls": 0.31710340082645416, "loss_rpn_loc": 0.09164153784513474, "lr": 9.990250000000001e-06, "rank_data_time": 0.04516125001828186, "roi_head/num_bg_samples": 96.0, "roi_head/num_fg_samples": 32.0, "rpn/num_neg_anchors": 178.625, "rpn/num_pos_anchors": 77.375, "time": 58.78390875001787, "total_loss": 2.976154126226902}
{"data_time": 0.04461449998780154, "eta_seconds": 207475.86791200098, "fast_rcnn/cls_accuracy": 0.734375, "fast_rcnn/false_negative": 0.95703125, "fast_rcnn/fg_cls_accuracy": 0.0078125, "iteration": 59, "loss_box_reg": 0.9077557623386383, "loss_cls": 1.4514544010162354, "loss_rpn_cls": 0.14851394295692444, "loss_rpn_loc": 0.08574636653065681, "lr": 1.4985250000000002e-05, "rank_data_time": 0.04461449998780154, "roi_head/num_bg_samples": 96.0, "roi_head/num_fg_samples": 32.0, "rpn/num_neg_anchors": 180.625, "rpn/num_pos_anchors": 75.375, "time": 62.50089269998716, "total_loss": 2.5979386810213327}
{"data_time": 0.04461449998780154, "fast_rcnn/cls_accuracy": 0.7373046875, "fast_rcnn/false_negative": 0.96484375, "fast_rcnn/fg_cls_accuracy": 0.0078125, "iteration": 60, "loss_box_reg": 0.9077557623386383, "loss_cls": 1.4402844905853271, "loss_rpn_cls": 0.17157769203186035, "loss_rpn_loc": 0.08896290510892868, "lr": 1.5235000000000002e-05, "rank_data_time": 0.04461449998780154, "roi_head/num_bg_samples": 96.0, "roi_head/num_fg_samples": 32.0, "rpn/num_neg_anchors": 179.5, "rpn/num_pos_anchors": 76.5, "time": 62.52982719996362, "total_loss": 2.5753916576504707}
{"eta_seconds": 208472.65222869627, "iteration": 61}
